Size,Processes,Time
200,1,0.020004
200,2,0.019238
200,4,0.018955
200,8,0.018912
400,1,0.085766
400,2,0.078937
400,4,0.076129
400,8,0.098432
800,1,0.394253
800,2,0.342182
800,4,0.319829
800,8,0.322264
1200,1,0.990192
1200,2,1.014880
1200,4,0.890350
1200,8,0.995526
1600,1,2.743920
1600,2,2.071700
1600,4,1.844010
1600,8,1.982120
2000,1,4.885740
2000,2,3.532470
2000,4,3.229350
2000,8,3.410880
