MatrixSize,Threads,ExecutionTime
200,1,0.006214
200,2,0.003310
200,4,0.001832
200,8,0.001535
400,1,0.051470
400,2,0.026863
400,4,0.015508
400,8,0.013443
800,1,0.432866
800,2,0.217904
800,4,0.124082
800,8,0.098448
1200,1,1.787220
1200,2,0.913483
1200,4,0.401853
1200,8,0.359807
1600,1,9.231030
1600,2,4.382670
1600,4,2.141310
1600,8,1.765000
2000,1,17.903100
2000,2,8.518780
2000,4,4.250890
2000,8,3.524090
