Size,Time
200,0.003873
400,0.029472
800,0.232893
1200,0.756652
1600,2.204470
2000,4.300840
